RLISimpleB110.png,1
RLISimpleB111.png,1
RLISimpleB112.png,1
RLISimpleB113.png,1
RLISimpleB114.png,1
RLISimpleB115.png,1
RLISimpleB116.png,1
RLISimpleB180.png,1
RLISimpleB181.png,1
RLISimpleB182.png,1
RLISimpleB183.png,1
RLISimpleB184.png,1
RLISimpleB185.png,1
RLISimpleB186.png,1
RLISimpleB220.png,1
RLISimpleB221.png,1
RLISimpleB222.png,1
RLISimpleB223.png,1
RLISimpleB224.png,1
RLISimpleB225.png,1
RLISimpleB226.png,1
RLISimpleB260.png,1
RLISimpleB261.png,1
RLISimpleB262.png,1
RLISimpleB263.png,1
RLISimpleB264.png,1
RLISimpleB265.png,1
RLISimpleB266.png,1
RLISimpleB270.png,1
RLISimpleB271.png,1
RLISimpleB272.png,1
RLISimpleB273.png,1
RLISimpleB274.png,1
RLISimpleB275.png,1
RLISimpleB276.png,1
RLISimpleB290.png,1
RLISimpleB291.png,1
RLISimpleB292.png,1
RLISimpleB293.png,1
RLISimpleB294.png,1
RLISimpleB295.png,1
RLISimpleB296.png,1
RLISimpleB300.png,1
RLISimpleB301.png,1
RLISimpleB302.png,1
RLISimpleB303.png,1
RLISimpleB304.png,1
RLISimpleB305.png,1
RLISimpleB306.png,1
RLISimpleB350.png,1
RLISimpleB351.png,1
RLISimpleB352.png,1
RLISimpleB353.png,1
RLISimpleB354.png,1
RLISimpleB355.png,1
RLISimpleB356.png,1
RLISimpleB360.png,1
RLISimpleB361.png,1
RLISimpleB362.png,1
RLISimpleB363.png,1
RLISimpleB364.png,1
RLISimpleB365.png,1
RLISimpleB366.png,1
RLISimpleB390.png,1
RLISimpleB391.png,1
RLISimpleB392.png,1
RLISimpleB393.png,1
RLISimpleB394.png,1
RLISimpleB395.png,1
RLISimpleB396.png,1
RLISimpleB470.png,1
RLISimpleB471.png,1
RLISimpleB472.png,1
RLISimpleB473.png,1
RLISimpleB474.png,1
RLISimpleB475.png,1
RLISimpleB476.png,1
RLISimpleB530.png,1
RLISimpleB531.png,1
RLISimpleB532.png,1
RLISimpleB533.png,1
RLISimpleB534.png,1
RLISimpleB535.png,1
RLISimpleB536.png,1
RLISimpleB570.png,1
RLISimpleB571.png,1
RLISimpleB572.png,1
RLISimpleB573.png,1
RLISimpleB574.png,1
RLISimpleB575.png,1
RLISimpleB576.png,1
RLISimpleB590.png,1
RLISimpleB591.png,1
RLISimpleB592.png,1
RLISimpleB593.png,1
RLISimpleB594.png,1
RLISimpleB595.png,1
RLISimpleB596.png,1
RLISimpleB620.png,1
RLISimpleB621.png,1
RLISimpleB622.png,1
RLISimpleB623.png,1
RLISimpleB624.png,1
RLISimpleB625.png,1
RLISimpleB626.png,1
RLISimpleB90.png,1
RLISimpleB91.png,1
RLISimpleB92.png,1
RLISimpleB93.png,1
RLISimpleB94.png,1
RLISimpleB95.png,1
RLISimpleB96.png,1
RLISimpleW100.png,0
RLISimpleW101.png,0
RLISimpleW102.png,0
RLISimpleW103.png,0
RLISimpleW104.png,0
RLISimpleW105.png,0
RLISimpleW106.png,0
RLISimpleW160.png,0
RLISimpleW161.png,0
RLISimpleW162.png,0
RLISimpleW163.png,0
RLISimpleW164.png,0
RLISimpleW165.png,0
RLISimpleW166.png,0
RLISimpleW20.png,0
RLISimpleW21.png,0
RLISimpleW210.png,0
RLISimpleW211.png,0
RLISimpleW212.png,0
RLISimpleW213.png,0
RLISimpleW214.png,0
RLISimpleW215.png,0
RLISimpleW216.png,0
RLISimpleW22.png,0
RLISimpleW23.png,0
RLISimpleW230.png,0
RLISimpleW231.png,0
RLISimpleW232.png,0
RLISimpleW233.png,0
RLISimpleW234.png,0
RLISimpleW235.png,0
RLISimpleW236.png,0
RLISimpleW24.png,0
RLISimpleW25.png,0
RLISimpleW26.png,0
RLISimpleW30.png,0
RLISimpleW31.png,0
RLISimpleW32.png,0
RLISimpleW320.png,0
RLISimpleW321.png,0
RLISimpleW322.png,0
RLISimpleW323.png,0
RLISimpleW324.png,0
RLISimpleW325.png,0
RLISimpleW326.png,0
RLISimpleW33.png,0
RLISimpleW34.png,0
RLISimpleW35.png,0
RLISimpleW36.png,0
RLISimpleW380.png,0
RLISimpleW381.png,0
RLISimpleW382.png,0
RLISimpleW383.png,0
RLISimpleW384.png,0
RLISimpleW385.png,0
RLISimpleW386.png,0
RLISimpleW40.png,0
RLISimpleW41.png,0
RLISimpleW42.png,0
RLISimpleW43.png,0
RLISimpleW44.png,0
RLISimpleW45.png,0
RLISimpleW450.png,0
RLISimpleW451.png,0
RLISimpleW452.png,0
RLISimpleW453.png,0
RLISimpleW454.png,0
RLISimpleW455.png,0
RLISimpleW456.png,0
RLISimpleW46.png,0
RLISimpleW460.png,0
RLISimpleW461.png,0
RLISimpleW462.png,0
RLISimpleW463.png,0
RLISimpleW464.png,0
RLISimpleW465.png,0
RLISimpleW466.png,0
RLISimpleW480.png,0
RLISimpleW481.png,0
RLISimpleW482.png,0
RLISimpleW483.png,0
RLISimpleW484.png,0
RLISimpleW485.png,0
RLISimpleW486.png,0
RLISimpleW490.png,0
RLISimpleW491.png,0
RLISimpleW492.png,0
RLISimpleW493.png,0
RLISimpleW494.png,0
RLISimpleW495.png,0
RLISimpleW496.png,0
RLISimpleW550.png,0
RLISimpleW551.png,0
RLISimpleW552.png,0
RLISimpleW553.png,0
RLISimpleW554.png,0
RLISimpleW555.png,0
RLISimpleW556.png,0
RLISimpleW600.png,0
RLISimpleW601.png,0
RLISimpleW602.png,0
RLISimpleW603.png,0
RLISimpleW604.png,0
RLISimpleW605.png,0
RLISimpleW606.png,0
RLISimpleW80.png,0
RLISimpleW81.png,0
RLISimpleW82.png,0
RLISimpleW83.png,0
RLISimpleW84.png,0
RLISimpleW85.png,0
RLISimpleW86.png,0
